device,dist,display_step,res_dir,ex_name,use_gpu,gpu,seed,fps,resume_from,auto_resume,test,batch_size,val_batch_size,num_workers,data_root,dataname,pre_seq_length,aft_seq_length,total_length,method,config_file,model_type,drop,drop_path,epoch,log_step,opt,opt_eps,opt_betas,momentum,weight_decay,sched,lr,lr_k_decay,warmup_lr,min_lr,final_div_factor,warmup_epoch,decay_epoch,decay_rate,filter_bias_and_bn,reverse_scheduled_sampling,r_sampling_step_1,r_sampling_step_2,r_exp_alpha,scheduled_sampling,sampling_stop_iter,sampling_start_value,sampling_changing_rate,num_hidden,filter_size,stride,patch_size,layer_norm,user,error,n_eval,rnn_size,predictor_rnn_layers,train_time,test_time,mse,mae,fid,prev_frame_mse,ssim,psnr,decouple_beta
cuda,False,10,./results,synthetic_cracks_ConvLSTM,True,0,42,False,,False,False,16,4,8,./data/,synthetic_cracks,,,,ConvLSTM,./configs/synthetic_cracks/ConvLSTM.py,,0.0,0.1,200,1,adam,,,0.9,0.0,onecycle,0.001,1.0,1e-05,1e-06,10000.0,5,100,0.1,False,0.0,25000.0,50000.0,5000.0,1.0,50000.0,1.0,2e-05,"128,128,128,128",5.0,1.0,2.0,0.0,haruka,"Given groups=1, weight of size [512, 4, 5, 5], expected input[16, 12, 64, 64] to have 4 channels, but got 12 channels instead",,,,,,,,,,,,
cuda,False,10,./results,synthetic_cracks_CrevNet,True,0,42,False,,False,False,16,4,8,./data/,synthetic_cracks,,,,CrevNet,./configs/synthetic_cracks/CrevNet.py,,0.0,0.1,200,1,adam,,,0.9,0.0,onecycle,0.001,1.0,1e-05,1e-06,10000.0,5,100,0.1,False,,,,,,,,,,,,,,haruka,Sizes of tensors must match except in dimension 1. Expected size 16 but got size 8 for tensor number 1 in the list.,18.0,32.0,8.0,,,,,,,,,
cuda,False,10,./results,synthetic_cracks_PredRNNpp,True,0,42,False,,False,False,16,4,8,./data/,synthetic_cracks,,,,PredRNNpp,./configs/synthetic_cracks/PredRNNpp.py,,0.0,0.1,200,1,adam,,,0.9,0.0,onecycle,0.001,1.0,1e-05,1e-06,10000.0,5,100,0.1,False,0.0,25000.0,50000.0,5000.0,1.0,50000.0,1.0,2e-05,"128,128,128,128",5.0,1.0,2.0,0.0,haruka,"Given groups=1, weight of size [896, 4, 5, 5], expected input[16, 12, 64, 64] to have 4 channels, but got 12 channels instead",,,,,,,,,,,,
cuda,False,10,./results,synth_SimVP,True,0,42,False,,False,False,16,4,8,./data/,synthetic_cracks,,,,SimVP,./configs/synthetic_cracks/SimVP,,0.0,0.1,200,1,adam,,,0.9,0.0,onecycle,0.001,1.0,1e-05,1e-06,10000.0,5,100,0.1,False,,,,,,,,,,,,,,haruka,"Given groups=1, weight of size [16, 1, 3, 3], expected input[80, 3, 128, 128] to have 1 channels, but got 3 channels instead",,,,,,,,,,,,
cuda,False,10,./results,synth_SimVP,True,0,42,False,,False,False,16,4,8,./data/,synthetic_cracks,,,,SimVP,./configs/synthetic_cracks/SimVP,,0.0,0.1,200,1,adam,,,0.9,0.0,onecycle,0.001,1.0,1e-05,1e-06,10000.0,5,100,0.1,False,,,,,,,,,,,,,,haruka,,,,,1392.7079215049744,1.811981201171875e-05,6.773191928863525,60.587188720703125,0.0234987846215062,56.48599624633789,-0.018575366157633,43.01502684464744,
cuda,False,10,./results,synthetic_cracks_PredRNN_4_,True,0,42,False,,False,False,4,4,8,./data/,synthetic_cracks,,,,PredRNN,./configs/synthetic_cracks/PredRNN.py,,0.0,0.1,200,1,adam,,,0.9,0.0,onecycle,0.001,1.0,1e-05,1e-06,10000.0,5,100,0.1,False,0.0,25000.0,50000.0,5000.0,1.0,50000.0,1.0,2e-05,"128,128,128,128",5.0,1.0,2.0,0.0,haruka,,,,,51289.72938466072,1.9788742065429688e-05,0.4665988683700561,17.377254486083984,0.001611437554722,51.805137634277344,-0.0185886943057344,43.7172905217079,
cuda,False,10,./results,synthetic_cracks_ConvLSTM_8_,True,0,42,False,,False,False,8,4,8,./data/,synthetic_cracks,,,,ConvLSTM,./configs/synthetic_cracks/ConvLSTM.py,,0.0,0.1,200,1,adam,,,0.9,0.0,onecycle,0.001,1.0,1e-05,1e-06,10000.0,5,100,0.1,False,0.0,25000.0,50000.0,5000.0,1.0,50000.0,1.0,2e-05,"128,128,128,128",5.0,1.0,2.0,0.0,haruka,,,,,22087.40691590309,2.0742416381835938e-05,0.99138081073761,30.22225570678711,0.0034006324784984,52.44014358520508,-0.0187361159483511,43.501814426341554,
cuda,False,10,./results,synthetic_cracks_PredRNNpp_0.000001_,True,0,42,False,,False,False,8,4,8,./data/,synthetic_cracks,,,,PredRNNpp,./configs/synthetic_cracks/PredRNNpp.py,,0.01,0.1,150,1,radam,,,0.9,0.001,onecycle,0.001,0.0,1e-05,1e-06,10000.0,5,100,0.1,False,0.0,25000.0,50000.0,5000.0,1.0,50000.0,1.0,2e-05,"128,128,128,128",5.0,1.0,2.0,0.0,haruka,,,,,33627.28749704361,2.288818359375e-05,0.6885899305343628,27.472339630126957,0.00240912684055,50.99169921875,-0.0184759564552872,43.55572754886456,
cuda,False,10,./results,synthetic_cracks_PredRNNv2_8_,True,0,42,False,,False,False,8,4,8,./data/,synthetic_cracks,,,,PredRNNv2,./configs/synthetic_cracks/PredRNNv2.py,,0.0,0.1,200,1,adam,,,0.9,0.0,onecycle,0.001,1.0,1e-05,1e-06,10000.0,5,100,0.1,False,1.0,25000.0,50000.0,5000.0,1.0,50000.0,1.0,2e-05,"128,128,128,128",5.0,1.0,2.0,0.0,haruka,,,,,33197.28855895996,2.002716064453125e-05,29.83282470703125,143.57908630371094,0.10765356869376497,55.66248321533203,-0.015586581150000712,42.851144633504354,0.1
